{"best_mean_auroc": 0.9975219257544372, "lr": 9.99999993922529e-09}